{"provenance":{"dandiset":"000409","version":"0.260309.1324","asset_id":"882e2ff6-1fde-4518-8797-5d5892379739","subject_id":"NYU-39","session_id":"6ed57216-498d-48a6-b48b-a243a34710ea"},"summary":{"trials":541,"units":93,"regions":12,"peakChoiceAccuracy":0.8278622705037799,"peakChoiceTime":0.2750000059604645},"time":[-0.4749999940395355,-0.42500001192092896,-0.375,-0.32499998807907104,-0.2750000059604645,-0.22499999403953552,-0.17499999701976776,-0.125,-0.07500000298023224,-0.02500000037252903,0.02500000037252903,0.07500000298023224,0.125,0.17499999701976776,0.22499999403953552,0.2750000059604645,0.32499998807907104,0.375,0.42500001192092896,0.4749999940395355,0.5249999761581421,0.574999988079071,0.625,0.675000011920929,0.7250000238418579,0.7749999761581421,0.824999988079071,0.875,0.925000011920929,0.9750000238418579],"decoding":{"choice":[0.4987,0.499,0.4896,0.5191,0.5193,0.5082,0.5452,0.5229,0.499,0.4806,0.4935,0.6544,0.7148,0.8243,0.8187,0.8279,0.787,0.7872,0.7136,0.7412,0.7392,0.6891,0.7209,0.7077,0.6765,0.6674,0.6729,0.6819,0.6304,0.6026],"stimulus":[0.5175,0.4932,0.5194,0.4808,0.5363,0.4826,0.5518,0.4643,0.5207,0.4871,0.4568,0.6757,0.7254,0.7885,0.7808,0.7932,0.7722,0.7317,0.7248,0.7433,0.66,0.6569,0.683,0.6755,0.637,0.6311,0.6288,0.6078,0.5564,0.5924],"prior":[0.5738,0.5475,0.5473,0.5501,0.5496,0.5469,0.5561,0.5487,0.59,0.5546,0.5353,0.56,0.6616,0.6963,0.6512,0.6318,0.595,0.6964,0.6284,0.6619,0.6098,0.623,0.6397,0.6361,0.5547,0.5926,0.5514,0.5234,0.5338,0.5677]},"crossTemporalChoice":[[0.4987,0.5064,0.5285,0.5027,0.4621,0.5118,0.5101,0.4917,0.5211,0.5009,0.4989,0.5397,0.6063,0.6323,0.6343,0.5405,0.5213,0.5402,0.516,0.5142,0.5269,0.496,0.5012,0.4974,0.5088,0.4991,0.5619,0.5106,0.5069,0.5325],[0.5104,0.499,0.4919,0.5028,0.483,0.4918,0.4769,0.5083,0.4881,0.5123,0.5253,0.447,0.4766,0.4691,0.5176,0.5068,0.4659,0.466,0.4459,0.5068,0.4755,0.5068,0.5379,0.4935,0.5028,0.4921,0.5422,0.5605,0.485,0.5453],[0.5307,0.5214,0.4896,0.4846,0.5156,0.4769,0.5265,0.5083,0.5194,0.5455,0.5194,0.536,0.5229,0.5207,0.543,0.5487,0.5782,0.5433,0.5267,0.5212,0.5362,0.5341,0.5229,0.5046,0.5026,0.5044,0.5101,0.493,0.4913,0.503],[0.505,0.514,0.4734,0.5191,0.4898,0.5656,0.5086,0.5197,0.5103,0.5028,0.5197,0.5048,0.54,0.5779,0.5838,0.526,0.4334,0.4771,0.4677,0.4492,0.4492,0.4751,0.4474,0.4566,0.4747,0.5194,0.4974,0.5269,0.5233,0.5178],[0.5119,0.4783,0.4935,0.4971,0.5193,0.4895,0.5048,0.4935,0.4657,0.525,0.4728,0.4854,0.4752,0.4589,0.4344,0.518,0.5011,0.488,0.5136,0.5211,0.5304,0.5358,0.4873,0.5061,0.4915,0.5081,0.526,0.4969,0.5023,0.4747],[0.4788,0.5082,0.4713,0.5362,0.4698,0.5082,0.5327,0.5102,0.5046,0.5137,0.4953,0.4507,0.4781,0.4687,0.5093,0.4712,0.4362,0.4493,0.4568,0.4145,0.4178,0.4088,0.4387,0.4771,0.4456,0.4606,0.4993,0.4881,0.4958,0.5045],[0.5118,0.499,0.5232,0.4826,0.5104,0.5102,0.5452,0.5414,0.5156,0.5081,0.4891,0.6227,0.4741,0.4479,0.4424,0.452,0.4502,0.4625,0.4812,0.4551,0.4573,0.4609,0.4351,0.4925,0.4666,0.5001,0.4502,0.4965,0.4797,0.4859],[0.5265,0.5048,0.4879,0.5373,0.5008,0.5171,0.5506,0.5229,0.4895,0.5084,0.4709,0.5105,0.4821,0.5013,0.5348,0.5239,0.5299,0.5407,0.5282,0.4762,0.5407,0.5296,0.5261,0.4722,0.511,0.5037,0.4817,0.5053,0.5125,0.5459],[0.5122,0.4897,0.4791,0.4918,0.488,0.5045,0.5194,0.5249,0.499,0.5154,0.5066,0.4915,0.4931,0.5078,0.5455,0.5135,0.4743,0.5076,0.5538,0.5504,0.5131,0.5447,0.4764,0.5488,0.5321,0.5284,0.5251,0.5492,0.5099,0.5233],[0.4657,0.4952,0.5211,0.5414,0.4876,0.4765,0.475,0.5137,0.5169,0.4806,0.4971,0.4857,0.5418,0.5328,0.5518,0.5607,0.5233,0.5727,0.5488,0.5211,0.4936,0.5066,0.5046,0.532,0.5375,0.5448,0.5361,0.5249,0.4784,0.4845],[0.5062,0.5232,0.5137,0.5344,0.518,0.4846,0.4787,0.4509,0.5211,0.512,0.4935,0.4801,0.4653,0.4709,0.4967,0.5282,0.5114,0.4814,0.4613,0.4375,0.4244,0.4632,0.4668,0.4612,0.5355,0.5056,0.4818,0.4816,0.48,0.5391],[0.4911,0.4764,0.4947,0.4964,0.5096,0.4558,0.5209,0.4893,0.5261,0.4983,0.5116,0.6544,0.6268,0.6007,0.6134,0.647,0.63,0.6156,0.5933,0.5954,0.5566,0.5292,0.5263,0.5485,0.5434,0.5525,0.5193,0.4733,0.495,0.4986],[0.4881,0.5123,0.4939,0.4974,0.4791,0.4845,0.5104,0.5013,0.5288,0.5029,0.4981,0.6507,0.7148,0.7892,0.7054,0.6633,0.6502,0.6169,0.6227,0.597,0.6151,0.5894,0.5636,0.545,0.53,0.5302,0.5189,0.5168,0.5394,0.502],[0.5116,0.5065,0.4953,0.5007,0.4949,0.5134,0.5005,0.5061,0.5043,0.5079,0.5082,0.5453,0.7084,0.8243,0.763,0.6667,0.6664,0.6388,0.6279,0.6261,0.6371,0.5802,0.5929,0.6001,0.5688,0.5742,0.5574,0.5388,0.5775,0.5388],[0.5156,0.5062,0.5047,0.5119,0.4951,0.5208,0.5043,0.4951,0.4968,0.493,0.4861,0.4862,0.6174,0.8019,0.8187,0.772,0.7219,0.6886,0.6496,0.583,0.5772,0.5591,0.5494,0.542,0.5327,0.5475,0.5269,0.5475,0.542,0.553],[0.51,0.4988,0.508,0.523,0.5081,0.4856,0.4914,0.4951,0.4967,0.4985,0.5025,0.5844,0.6068,0.7461,0.8036,0.8279,0.8003,0.7148,0.6664,0.6648,0.6165,0.6093,0.6037,0.5607,0.6107,0.5738,0.5537,0.5723,0.5383,0.5403],[0.4971,0.4842,0.4915,0.5008,0.5007,0.4988,0.5135,0.4803,0.5097,0.5172,0.5043,0.5693,0.5548,0.6343,0.7423,0.7906,0.787,0.7949,0.7225,0.7206,0.6726,0.6632,0.6483,0.6149,0.5745,0.5781,0.5762,0.6117,0.5317,0.5353],[0.512,0.4842,0.4952,0.5084,0.4953,0.4895,0.4971,0.4894,0.5064,0.521,0.4916,0.6085,0.5805,0.6494,0.7076,0.7722,0.7687,0.7872,0.7392,0.7205,0.6833,0.6485,0.6184,0.6165,0.5943,0.5498,0.5573,0.5702,0.5385,0.5497],[0.4844,0.4842,0.501,0.4882,0.5192,0.5061,0.5173,0.5283,0.523,0.5152,0.521,0.5824,0.5619,0.614,0.6606,0.7219,0.7963,0.7873,0.7136,0.7187,0.7262,0.684,0.6279,0.6317,0.6,0.6334,0.565,0.5765,0.5483,0.6076],[0.5235,0.4881,0.4863,0.5067,0.5047,0.5322,0.4973,0.4769,0.5248,0.538,0.4992,0.5307,0.5865,0.6261,0.624,0.6797,0.7242,0.7501,0.7448,0.7412,0.7132,0.6915,0.7189,0.676,0.6676,0.6414,0.6339,0.6302,0.6024,0.5948],[0.4843,0.4825,0.4952,0.5027,0.5045,0.508,0.4857,0.5098,0.5265,0.5026,0.4897,0.5177,0.5749,0.6142,0.6199,0.635,0.7424,0.7372,0.7537,0.7258,0.7392,0.715,0.7207,0.7001,0.6375,0.6634,0.6668,0.6446,0.6001,0.5875],[0.4991,0.5122,0.4896,0.5008,0.5341,0.5061,0.4932,0.5191,0.5306,0.5062,0.5045,0.5004,0.5583,0.6402,0.6663,0.6793,0.7145,0.6983,0.6831,0.6929,0.7151,0.6891,0.7076,0.6836,0.6544,0.6544,0.6451,0.6451,0.6095,0.6061],[0.5238,0.5252,0.5107,0.5253,0.481,0.4954,0.4937,0.5066,0.5047,0.5065,0.507,0.5275,0.5715,0.6388,0.6498,0.6351,0.6702,0.6721,0.6702,0.7299,0.7207,0.7133,0.7209,0.6945,0.6857,0.6601,0.6583,0.6638,0.6322,0.6084],[0.4974,0.5048,0.4788,0.5174,0.5175,0.5098,0.5154,0.5175,0.5472,0.5156,0.501,0.5195,0.5958,0.6388,0.6502,0.6281,0.6481,0.6539,0.6797,0.7055,0.7206,0.7021,0.7073,0.7077,0.658,0.6357,0.6618,0.6191,0.6098,0.5746],[0.494,0.4976,0.4847,0.5104,0.4994,0.5027,0.4842,0.5141,0.5287,0.5251,0.5253,0.4916,0.5769,0.6571,0.572,0.5423,0.585,0.6165,0.6589,0.6518,0.6832,0.6649,0.6927,0.6797,0.6765,0.6358,0.6821,0.6912,0.6175,0.6082],[0.4958,0.5235,0.5125,0.5178,0.5229,0.5047,0.5064,0.5028,0.5329,0.536,0.5326,0.4881,0.5422,0.5737,0.6111,0.5779,0.6389,0.6372,0.6499,0.6706,0.6853,0.663,0.6783,0.6503,0.6431,0.6674,0.6433,0.6359,0.6117,0.6064],[0.4851,0.5033,0.4829,0.5069,0.516,0.5178,0.4825,0.4935,0.4864,0.5067,0.479,0.4548,0.4905,0.5276,0.5277,0.5555,0.6259,0.6595,0.6516,0.6538,0.6871,0.6536,0.6928,0.6814,0.6709,0.6376,0.6729,0.6765,0.621,0.6005],[0.5166,0.5275,0.4883,0.5217,0.5049,0.5158,0.4919,0.4863,0.5124,0.4974,0.5047,0.4859,0.514,0.5366,0.5198,0.5201,0.5718,0.5664,0.6127,0.6312,0.6649,0.6758,0.6944,0.6702,0.6929,0.669,0.6505,0.6819,0.6726,0.6207],[0.4962,0.4869,0.4796,0.5125,0.4905,0.5086,0.5143,0.5307,0.5089,0.466,0.5274,0.4918,0.5142,0.5829,0.5696,0.5422,0.5646,0.5738,0.6052,0.6391,0.6479,0.6257,0.6313,0.6261,0.63,0.6075,0.6467,0.6465,0.6304,0.6396],[0.5223,0.5041,0.5255,0.5149,0.5036,0.5164,0.5054,0.5141,0.5258,0.5144,0.524,0.4882,0.5455,0.6147,0.6057,0.5965,0.6334,0.6058,0.5777,0.6295,0.6426,0.6443,0.6427,0.6332,0.641,0.6243,0.6395,0.6411,0.6562,0.6026]],